img,sigma,k,h,a,mu,lam,dtheta,dt,iters,psnr,ssim,score,log_path
man.tiff,10,0.2,0.08,0.1,5.0,1.2,2.0,0.05,8,31.1324188776598,0.8454334953300114,0.8568717146455693,results/sweeps/man_sigma10\metrics.1761224642.22772.jsonl
man.tiff,10,0.2,0.08,0.1,5.0,1.0,2.0,0.05,14,30.922181275707068,0.8447306244695565,0.8133240302288672,results/sweeps/man_sigma10\metrics.1761224653.22772.jsonl
man.tiff,10,0.2,0.1,0.08,5.0,1.2,2.0,0.05,6,31.011625370132148,0.839529947126305,0.8280012871122695,results/sweeps/man_sigma10\metrics.1761224675.22772.jsonl
man.tiff,10,0.2,0.1,0.08,5.0,1.2,2.0,0.05,12,30.975912029270148,0.8442167662389999,0.8239681357868814,results/sweeps/man_sigma10\metrics.1761224687.22772.jsonl
man.tiff,10,0.2,0.1,0.1,5.0,1.0,2.0,0.05,12,31.02177521672756,0.8459089783561616,0.8345452499506578,results/sweeps/man_sigma10\metrics.1761224707.22772.jsonl
man.tiff,10,0.2,0.12,0.08,5.0,1.0,2.0,0.05,14,30.78754040451258,0.8406773250713631,0.7829129017279648,results/sweeps/man_sigma10\metrics.1761224749.22772.jsonl
man.tiff,10,0.2,0.12,0.1,5.0,1.2,2.0,0.05,14,30.792017656560713,0.8421318705073764,0.7848480037532297,results/sweeps/man_sigma10\metrics.1761224772.22772.jsonl
man.tiff,10,0.25,0.08,0.1,5.0,1.0,2.0,0.05,10,31.057213124447554,0.8465024858720017,0.8422182225003862,results/sweeps/man_sigma10\metrics.1761224814.22772.jsonl
man.tiff,10,0.25,0.1,0.1,5.0,1.0,2.0,0.05,10,31.01602979258494,0.8456989199406283,0.8332215731428143,results/sweeps/man_sigma10\metrics.1761224869.22772.jsonl
man.tiff,10,0.25,0.1,0.12,5.0,1.0,2.0,0.05,12,30.846710069395904,0.8461321443885601,0.7988489450979744,results/sweeps/man_sigma10\metrics.1761224892.22772.jsonl
man.tiff,10,0.25,0.12,0.1,5.0,1.0,2.0,0.05,10,30.97206827711655,0.8449227476027831,0.8236751403286058,results/sweeps/man_sigma10\metrics.1761224923.22772.jsonl
man.tiff,10,0.3,0.08,0.08,5.0,1.2,2.0,0.05,6,31.066666232909142,0.8402352513921393,0.839767110640036,results/sweeps/man_sigma10\metrics.1761224956.22772.jsonl
man.tiff,10,0.3,0.08,0.1,5.0,1.0,2.0,0.05,8,31.08514139180216,0.8454522018039217,0.8472026018165806,results/sweeps/man_sigma10\metrics.1761224977.22772.jsonl
man.tiff,10,0.3,0.08,0.1,5.0,1.2,2.0,0.05,12,30.687196912538592,0.8426213685853986,0.7637238556669231,results/sweeps/man_sigma10\metrics.1761224988.22772.jsonl
man.tiff,10,0.3,0.08,0.12,5.0,1.2,2.0,0.05,8,31.093909472088935,0.8471568722473023,0.8501915328452474,results/sweeps/man_sigma10\metrics.1761224999.22772.jsonl
man.tiff,10,0.3,0.1,0.08,5.0,1.2,2.0,0.05,14,30.35759881748917,0.835879049948044,0.6915040886499594,results/sweeps/man_sigma10\metrics.1761225031.22772.jsonl
man.tiff,10,0.3,0.1,0.1,5.0,1.0,2.0,0.05,6,31.115989279421857,0.8419075481695807,0.8510388469729531,results/sweeps/man_sigma10\metrics.1761225034.22772.jsonl
man.tiff,10,0.3,0.1,0.1,5.0,1.2,2.0,0.05,6,31.082785558047537,0.8413394361846249,0.8438412021795598,results/sweeps/man_sigma10\metrics.1761225038.22772.jsonl
man.tiff,10,0.3,0.1,0.12,5.0,1.0,2.0,0.05,8,31.08665923591559,0.847107811473724,0.8486723759408143,results/sweeps/man_sigma10\metrics.1761225061.22772.jsonl
man.tiff,10,0.3,0.12,0.08,5.0,1.2,2.0,0.05,14,30.290259606590205,0.8344374836215996,0.6767042376666331,results/sweeps/man_sigma10\metrics.1761225094.22772.jsonl
man.tiff,10,0.35,0.08,0.1,5.0,1.2,2.0,0.05,14,30.228649403282635,0.8369009197808189,0.6658111623075489,results/sweeps/man_sigma10\metrics.1761225168.22772.jsonl
man.tiff,10,0.35,0.1,0.08,5.0,1.2,2.0,0.05,6,31.05023193240473,0.8406761676815351,0.8367100843801798,results/sweeps/man_sigma10\metrics.1761225189.22772.jsonl
man.tiff,10,0.35,0.1,0.08,5.0,1.2,2.0,0.05,12,30.44083070673007,0.8382028256912242,0.7101762322088983,results/sweeps/man_sigma10\metrics.1761225201.22772.jsonl
man.tiff,10,0.35,0.1,0.1,5.0,1.2,2.0,0.05,8,30.964902410768286,0.8442255889786466,0.8217195934732437,results/sweeps/man_sigma10\metrics.1761225211.22772.jsonl
man.tiff,10,0.35,0.12,0.08,5.0,1.2,2.0,0.05,10,30.67312721965957,0.8408913385163695,0.7596314275072638,results/sweeps/man_sigma10\metrics.1761225253.22772.jsonl
man.tiff,10,0.35,0.12,0.1,5.0,1.0,2.0,0.05,6,31.072297296577478,0.8418167218668139,0.8420273554005238,results/sweeps/man_sigma10\metrics.1761225264.22772.jsonl
man.tiff,10,0.35,0.12,0.1,5.0,1.0,2.0,0.05,12,30.34982130127306,0.837781139074891,0.6912427521961376,results/sweeps/man_sigma10\metrics.1761225275.22772.jsonl
man.tiff,10,0.35,0.12,0.12,5.0,1.0,2.0,0.05,8,30.95699978312572,0.8459157176838649,0.8212842624909468,results/sweeps/man_sigma10\metrics.1761225286.22772.jsonl
man.tiff,10,0.4,0.08,0.12,5.0,1.2,2.0,0.05,6,31.044179031144935,0.8426848076302322,0.836876526555842,results/sweeps/man_sigma10\metrics.1761225339.22772.jsonl
man.tiff,10,0.4,0.1,0.08,5.0,1.2,2.0,0.05,8,30.87080657746707,0.8426779856392517,0.8013658858079444,results/sweeps/man_sigma10\metrics.1761225361.22772.jsonl
man.tiff,10,0.4,0.1,0.1,5.0,1.2,2.0,0.05,14,29.981657768042638,0.8333551283076583,0.6127463798300844,results/sweeps/man_sigma10\metrics.1761225394.22772.jsonl
man.tiff,10,0.4,0.1,0.12,5.0,1.0,2.0,0.05,12,30.284236836529303,0.8406535921920311,0.6798220786057203,results/sweeps/man_sigma10\metrics.1761225405.22772.jsonl
man.tiff,10,0.4,0.12,0.08,5.0,1.0,2.0,0.05,6,31.018860029950723,0.8410082848979447,0.8305177479509457,results/sweeps/man_sigma10\metrics.1761225415.22772.jsonl
man.tiff,10,0.4,0.12,0.1,5.0,1.2,2.0,0.05,12,30.2353818280602,0.8368344157261403,0.6671433784870077,results/sweeps/man_sigma10\metrics.1761225447.22772.jsonl
man.tiff,10,0.2,0.08,0.08,5.0,1.0,2.0,0.05,6,31.302987881032816,0.8491128633563619,0.894379004144658,results/sweeps/man_sigma10\metrics.jsonl
man.tiff,10,0.2,0.08,0.08,5.0,1.2,2.0,0.05,6,31.235593892567874,0.847924515412158,0.8797451878403079,results/sweeps/man_sigma10\metrics.jsonl
man.tiff,10,0.2,0.08,0.08,5.0,1.0,2.0,0.05,8,31.188458353604624,0.8457117271750957,0.8685430987718435,results/sweeps/man_sigma10\metrics.jsonl
man.tiff,10,0.2,0.08,0.08,5.0,1.2,2.0,0.05,8,31.122239304236135,0.8445707402142602,0.8541830571720548,results/sweeps/man_sigma10\metrics.jsonl
man.tiff,10,0.2,0.08,0.08,5.0,1.0,2.0,0.05,10,31.163971502537144,0.8469211949561445,0.8643749339692508,results/sweeps/man_sigma10\metrics.jsonl
man.tiff,10,0.2,0.08,0.08,5.0,1.2,2.0,0.05,10,31.110695926822075,0.8460347979243987,0.8528438680160026,results/sweeps/man_sigma10\metrics.jsonl
man.tiff,10,0.2,0.08,0.08,5.0,1.0,2.0,0.05,12,31.057279575126422,0.8457727407755399,0.8417210097202255,results/sweeps/man_sigma10\metrics.jsonl
man.tiff,10,0.2,0.08,0.08,5.0,1.2,2.0,0.05,12,31.020088473936063,0.8451772947477498,0.8336876344123056,results/sweeps/man_sigma10\metrics.jsonl
man.tiff,10,0.2,0.08,0.08,5.0,1.0,2.0,0.05,14,30.907610987908114,0.8433194213765745,0.809352261460751,results/sweeps/man_sigma10\metrics.jsonl
man.tiff,10,0.2,0.08,0.08,5.0,1.2,2.0,0.05,14,30.887335277344683,0.8430246918824116,0.8049935803894648,results/sweeps/man_sigma10\metrics.jsonl
man.tiff,10,0.2,0.08,0.1,5.0,1.0,2.0,0.05,6,31.06862938237161,0.8406104587338471,0.840431799581496,results/sweeps/man_sigma10\metrics.jsonl
man.tiff,10,0.2,0.08,0.1,5.0,1.2,2.0,0.05,6,30.99796412070452,0.8394155003137187,0.8251234145352664,results/sweeps/man_sigma10\metrics.jsonl
man.tiff,10,0.2,0.08,0.1,5.0,1.0,2.0,0.05,8,31.197318542261606,0.846446513902719,0.870871974561688,results/sweeps/man_sigma10\metrics.jsonl
man.tiff,10,0.2,0.08,0.1,5.0,1.0,2.0,0.05,10,31.175143147885468,0.8478923859610583,0.8673426682422907,results/sweeps/man_sigma10\metrics.jsonl
man.tiff,10,0.2,0.08,0.1,5.0,1.2,2.0,0.05,10,31.12317145188589,0.8471413632286589,0.8561733927488046,results/sweeps/man_sigma10\metrics.jsonl
man.tiff,10,0.2,0.08,0.1,5.0,1.0,2.0,0.05,12,31.070337474442443,0.8469698696406804,0.845233196461018,results/sweeps/man_sigma10\metrics.jsonl
man.tiff,10,0.2,0.08,0.1,5.0,1.2,2.0,0.05,12,31.034347397827524,0.8465072047578492,0.837538732154522,results/sweeps/man_sigma10\metrics.jsonl
man.tiff,10,0.2,0.08,0.1,5.0,1.2,2.0,0.05,14,30.902959101480327,0.8445594014767854,0.8092675630089677,results/sweeps/man_sigma10\metrics.jsonl
man.tiff,10,0.2,0.08,0.12,5.0,1.0,2.0,0.05,6,31.086915237497546,0.841942888419574,0.8451093577261841,results/sweeps/man_sigma10\metrics.jsonl
man.tiff,10,0.2,0.08,0.12,5.0,1.2,2.0,0.05,6,31.017246516147953,0.8408542211542624,0.8300794632713333,results/sweeps/man_sigma10\metrics.jsonl
man.tiff,10,0.2,0.08,0.12,5.0,1.0,2.0,0.05,8,31.222326836887362,0.8483388509701633,0.8773181919532638,results/sweeps/man_sigma10\metrics.jsonl
man.tiff,10,0.2,0.08,0.12,5.0,1.2,2.0,0.05,8,31.15804348336792,0.847419488642847,0.8635097090279382,results/sweeps/man_sigma10\metrics.jsonl
man.tiff,10,0.2,0.08,0.12,5.0,1.0,2.0,0.05,10,31.205122977582423,0.8502698466189321,0.875146619212039,results/sweeps/man_sigma10\metrics.jsonl
man.tiff,10,0.2,0.08,0.12,5.0,1.2,2.0,0.05,10,31.153214330994157,0.8495768084135046,0.8640308451111524,results/sweeps/man_sigma10\metrics.jsonl
man.tiff,10,0.2,0.08,0.12,5.0,1.0,2.0,0.05,12,31.103750885889788,0.8497591092246716,0.8540285741171939,results/sweeps/man_sigma10\metrics.jsonl
man.tiff,10,0.2,0.08,0.12,5.0,1.2,2.0,0.05,12,31.06724434150623,0.8493059134210126,0.8462349679894603,results/sweeps/man_sigma10\metrics.jsonl
man.tiff,10,0.2,0.08,0.12,5.0,1.0,2.0,0.05,14,30.957832690559336,0.8478659268906685,0.8228199844715751,results/sweeps/man_sigma10\metrics.jsonl
man.tiff,10,0.2,0.08,0.12,5.0,1.2,2.0,0.05,14,30.93755532213466,0.8476496179621589,0.818515858274039,results/sweeps/man_sigma10\metrics.jsonl
man.tiff,10,0.2,0.1,0.08,5.0,1.0,2.0,0.05,6,31.083478752283593,0.8407838131069195,0.8435942289534606,results/sweeps/man_sigma10\metrics.jsonl
man.tiff,10,0.2,0.1,0.08,5.0,1.0,2.0,0.05,8,31.181653688866774,0.8456847140027373,0.8671306261284153,results/sweeps/man_sigma10\metrics.jsonl
man.tiff,10,0.2,0.1,0.08,5.0,1.2,2.0,0.05,8,31.117327544727384,0.8446211331630911,0.8532124269261923,results/sweeps/man_sigma10\metrics.jsonl
man.tiff,10,0.2,0.1,0.08,5.0,1.0,2.0,0.05,10,31.133547258509115,0.8463152226283358,0.8577200108599555,results/sweeps/man_sigma10\metrics.jsonl
man.tiff,10,0.2,0.1,0.08,5.0,1.2,2.0,0.05,10,31.08361631279528,0.8455245972611345,0.8469409496090121,results/sweeps/man_sigma10\metrics.jsonl
man.tiff,10,0.2,0.1,0.08,5.0,1.0,2.0,0.05,12,31.008806396427907,0.8447055213785875,0.8310468764959116,results/sweeps/man_sigma10\metrics.jsonl
man.tiff,10,0.2,0.1,0.08,5.0,1.0,2.0,0.05,14,30.84592926073241,0.8418851478126032,0.795716141542704,results/sweeps/man_sigma10\metrics.jsonl
man.tiff,10,0.2,0.1,0.08,5.0,1.2,2.0,0.05,14,30.8305191235511,0.8417037569122486,0.7924332440950179,results/sweeps/man_sigma10\metrics.jsonl
man.tiff,10,0.2,0.1,0.1,5.0,1.0,2.0,0.05,6,31.0896794492076,0.841278904549935,0.8452106666108303,results/sweeps/man_sigma10\metrics.jsonl
man.tiff,10,0.2,0.1,0.1,5.0,1.2,2.0,0.05,6,31.01900286126542,0.8401316472030389,0.8299333527478479,results/sweeps/man_sigma10\metrics.jsonl
man.tiff,10,0.2,0.1,0.1,5.0,1.0,2.0,0.05,8,31.19053957101494,0.8464243066706941,0.8694681279829792,results/sweeps/man_sigma10\metrics.jsonl
man.tiff,10,0.2,0.1,0.1,5.0,1.2,2.0,0.05,8,31.127521314169037,0.8454879043975126,0.8559068029606773,results/sweeps/man_sigma10\metrics.jsonl
man.tiff,10,0.2,0.1,0.1,5.0,1.0,2.0,0.05,10,31.14468878305675,0.8472920571942439,0.8606855270269844,results/sweeps/man_sigma10\metrics.jsonl
man.tiff,10,0.2,0.1,0.1,5.0,1.2,2.0,0.05,10,31.096044838244413,0.8466356883336805,0.850264017078967,results/sweeps/man_sigma10\metrics.jsonl
man.tiff,10,0.2,0.1,0.1,5.0,1.2,2.0,0.05,12,30.990061666249407,0.8455516338158309,0.8278003223787731,results/sweeps/man_sigma10\metrics.jsonl
man.tiff,10,0.2,0.1,0.1,5.0,1.0,2.0,0.05,14,30.86035632121243,0.8433034048218875,0.7996635157690846,results/sweeps/man_sigma10\metrics.jsonl
man.tiff,10,0.2,0.1,0.1,5.0,1.2,2.0,0.05,14,30.845979628484564,0.8432438404259496,0.7966775414514502,results/sweeps/man_sigma10\metrics.jsonl
man.tiff,10,0.2,0.1,0.12,5.0,1.0,2.0,0.05,6,31.108134140133863,0.8426223489087898,0.849930511806734,results/sweeps/man_sigma10\metrics.jsonl
man.tiff,10,0.2,0.1,0.12,5.0,1.2,2.0,0.05,6,31.038435523827815,0.8415802053639964,0.8349270616093782,results/sweeps/man_sigma10\metrics.jsonl
man.tiff,10,0.2,0.1,0.12,5.0,1.0,2.0,0.05,8,31.215582813709748,0.8483277356575111,0.8759292669187425,results/sweeps/man_sigma10\metrics.jsonl
man.tiff,10,0.2,0.1,0.12,5.0,1.2,2.0,0.05,8,31.15315158026769,0.8474827353150143,0.8625521428877447,results/sweeps/man_sigma10\metrics.jsonl
man.tiff,10,0.2,0.1,0.12,5.0,1.0,2.0,0.05,10,31.174525702936535,0.8496799462847694,0.868467510639314,results/sweeps/man_sigma10\metrics.jsonl
man.tiff,10,0.2,0.1,0.12,5.0,1.2,2.0,0.05,10,31.125917627075296,0.8490783963261359,0.8580917197155984,results/sweeps/man_sigma10\metrics.jsonl
man.tiff,10,0.2,0.1,0.12,5.0,1.0,2.0,0.05,12,31.05487934774153,0.8487077596919639,0.8432839676509468,results/sweeps/man_sigma10\metrics.jsonl
man.tiff,10,0.2,0.1,0.12,5.0,1.2,2.0,0.05,12,31.02263198086097,0.8483562630050704,0.8364338104809845,results/sweeps/man_sigma10\metrics.jsonl
man.tiff,10,0.2,0.1,0.12,5.0,1.0,2.0,0.05,14,30.895564433784944,0.8464473873096557,0.8090747598307542,results/sweeps/man_sigma10\metrics.jsonl
man.tiff,10,0.2,0.1,0.12,5.0,1.2,2.0,0.05,14,30.880126619274073,0.8463386867828753,0.8058370774572897,results/sweeps/man_sigma10\metrics.jsonl
man.tiff,10,0.2,0.12,0.08,5.0,1.0,2.0,0.05,6,31.095368783903375,0.8411428573486476,0.8462805826312587,results/sweeps/man_sigma10\metrics.jsonl
man.tiff,10,0.2,0.12,0.08,5.0,1.2,2.0,0.05,6,31.02457042239019,0.8399481879211631,0.8309451416556709,results/sweeps/man_sigma10\metrics.jsonl
man.tiff,10,0.2,0.12,0.08,5.0,1.0,2.0,0.05,8,31.170172340946294,0.8455333639220934,0.8646733548681672,results/sweeps/man_sigma10\metrics.jsonl
man.tiff,10,0.2,0.12,0.08,5.0,1.2,2.0,0.05,8,31.10839854221011,0.844547034102206,0.8513319397472305,results/sweeps/man_sigma10\metrics.jsonl
man.tiff,10,0.2,0.12,0.08,5.0,1.0,2.0,0.05,10,31.1020915721872,0.8457340212999284,0.8508711929061687,results/sweeps/man_sigma10\metrics.jsonl
man.tiff,10,0.2,0.12,0.08,5.0,1.2,2.0,0.05,10,31.055768502251023,0.8450301350937325,0.8408917251053782,results/sweeps/man_sigma10\metrics.jsonl
man.tiff,10,0.2,0.12,0.08,5.0,1.0,2.0,0.05,12,30.961905120227897,0.8437774938910724,0.8207920958672925,results/sweeps/man_sigma10\metrics.jsonl
man.tiff,10,0.2,0.12,0.08,5.0,1.2,2.0,0.05,12,30.933254684727082,0.8433797880495622,0.8146462269651858,results/sweeps/man_sigma10\metrics.jsonl
man.tiff,10,0.2,0.12,0.08,5.0,1.2,2.0,0.05,14,30.776721499113812,0.8405884751774846,0.7806350457198824,results/sweeps/man_sigma10\metrics.jsonl
man.tiff,10,0.2,0.12,0.1,5.0,1.0,2.0,0.05,6,31.101605001671416,0.8416402139247794,0.8479058803840662,results/sweeps/man_sigma10\metrics.jsonl
man.tiff,10,0.2,0.12,0.1,5.0,1.2,2.0,0.05,6,31.031984427714654,0.840552017290583,0.832886175731225,results/sweeps/man_sigma10\metrics.jsonl
man.tiff,10,0.2,0.12,0.1,5.0,1.0,2.0,0.05,8,31.17905935035126,0.8462758308729356,0.8670130995776559,results/sweeps/man_sigma10\metrics.jsonl
man.tiff,10,0.2,0.12,0.1,5.0,1.2,2.0,0.05,8,31.118587745982566,0.8454162655376279,0.8540271028947786,results/sweeps/man_sigma10\metrics.jsonl
man.tiff,10,0.2,0.12,0.1,5.0,1.0,2.0,0.05,10,31.11318289657836,0.8467142855967277,0.8538288291282261,results/sweeps/man_sigma10\metrics.jsonl
man.tiff,10,0.2,0.12,0.1,5.0,1.2,2.0,0.05,10,31.06813670929875,0.8461439355739458,0.8442043362349996,results/sweeps/man_sigma10\metrics.jsonl
man.tiff,10,0.2,0.12,0.1,5.0,1.0,2.0,0.05,12,30.974769773895495,0.8449848971528336,0.824271898883292,results/sweeps/man_sigma10\metrics.jsonl
man.tiff,10,0.2,0.12,0.1,5.0,1.2,2.0,0.05,12,30.94728850846805,0.8447177080777222,0.8184568322649979,results/sweeps/man_sigma10\metrics.jsonl
man.tiff,10,0.2,0.12,0.1,5.0,1.0,2.0,0.05,14,30.80181484511211,0.84209997574619,0.7868320956845257,results/sweeps/man_sigma10\metrics.jsonl
man.tiff,10,0.2,0.12,0.12,5.0,1.0,2.0,0.05,6,31.120161538666192,0.8429902418448614,0.8526511916699777,results/sweeps/man_sigma10\metrics.jsonl
man.tiff,10,0.2,0.12,0.12,5.0,1.2,2.0,0.05,6,31.05150779299401,0.8420061910040366,0.8379023909705183,results/sweeps/man_sigma10\metrics.jsonl
man.tiff,10,0.2,0.12,0.12,5.0,1.0,2.0,0.05,8,31.204084896431006,0.8481860330150284,0.8734753555383494,results/sweeps/man_sigma10\metrics.jsonl
man.tiff,10,0.2,0.12,0.12,5.0,1.2,2.0,0.05,8,31.14418912657275,0.8474163754519833,0.8606702225029896,results/sweeps/man_sigma10\metrics.jsonl
man.tiff,10,0.2,0.12,0.12,5.0,1.0,2.0,0.05,10,31.142851516064844,0.8491087352884377,0.8615809380302073,results/sweeps/man_sigma10\metrics.jsonl
man.tiff,10,0.2,0.12,0.12,5.0,1.2,2.0,0.05,10,31.097833882091955,0.8485911261990975,0.8519992113736842,results/sweeps/man_sigma10\metrics.jsonl
man.tiff,10,0.2,0.12,0.12,5.0,1.0,2.0,0.05,12,31.007564972660326,0.8477899141118581,0.8329517136441802,results/sweeps/man_sigma10\metrics.jsonl
man.tiff,10,0.2,0.12,0.12,5.0,1.2,2.0,0.05,12,30.979551815475187,0.8475260789103819,0.8270300658001574,results/sweeps/man_sigma10\metrics.jsonl
man.tiff,10,0.2,0.12,0.12,5.0,1.0,2.0,0.05,14,30.836599486778276,0.8452497833531085,0.796160692474162,results/sweeps/man_sigma10\metrics.jsonl
man.tiff,10,0.2,0.12,0.12,5.0,1.2,2.0,0.05,14,30.825753927925934,0.8452299211757001,0.7939256693653278,results/sweeps/man_sigma10\metrics.jsonl
man.tiff,10,0.25,0.08,0.08,5.0,1.0,2.0,0.05,6,31.110947765017094,0.8408660776481326,0.8492773391037738,results/sweeps/man_sigma10\metrics.jsonl
man.tiff,10,0.25,0.08,0.08,5.0,1.2,2.0,0.05,6,31.05956762738085,0.8399085839431173,0.8380846823077144,results/sweeps/man_sigma10\metrics.jsonl
man.tiff,10,0.25,0.08,0.08,5.0,1.0,2.0,0.05,8,31.156280646330888,0.8453894574695953,0.8617276664496131,results/sweeps/man_sigma10\metrics.jsonl
man.tiff,10,0.25,0.08,0.08,5.0,1.2,2.0,0.05,8,31.11769596925697,0.8446484678003748,0.8533070127879494,results/sweeps/man_sigma10\metrics.jsonl
man.tiff,10,0.25,0.08,0.08,5.0,1.0,2.0,0.05,10,31.04625149925418,0.8455227134266033,0.8392874923616951,results/sweeps/man_sigma10\metrics.jsonl
man.tiff,10,0.25,0.08,0.08,5.0,1.2,2.0,0.05,10,31.025802568312496,0.8450681376747095,0.834781444188977,results/sweeps/man_sigma10\metrics.jsonl
man.tiff,10,0.25,0.08,0.08,5.0,1.0,2.0,0.05,12,30.860096883539512,0.8433580912760094,0.7996486646683825,results/sweeps/man_sigma10\metrics.jsonl
man.tiff,10,0.25,0.08,0.08,5.0,1.2,2.0,0.05,12,30.859024799850786,0.8432117852107267,0.7993266927115671,results/sweeps/man_sigma10\metrics.jsonl
man.tiff,10,0.25,0.08,0.08,5.0,1.0,2.0,0.05,14,30.640724408167294,0.8399639714961284,0.7523463267765513,results/sweeps/man_sigma10\metrics.jsonl
man.tiff,10,0.25,0.08,0.08,5.0,1.2,2.0,0.05,14,30.658388826754873,0.8401277562275604,0.7560785661648661,results/sweeps/man_sigma10\metrics.jsonl
man.tiff,10,0.25,0.08,0.1,5.0,1.0,2.0,0.05,6,31.117211706520663,0.8413624381545393,0.8509076172987788,results/sweeps/man_sigma10\metrics.jsonl
man.tiff,10,0.25,0.08,0.1,5.0,1.2,2.0,0.05,6,31.06706106017912,0.8405123452381807,0.8400419351053205,results/sweeps/man_sigma10\metrics.jsonl
man.tiff,10,0.25,0.08,0.1,5.0,1.0,2.0,0.05,8,31.165149363988075,0.8461311631853093,0.8640631322303598,results/sweeps/man_sigma10\metrics.jsonl
man.tiff,10,0.25,0.08,0.1,5.0,1.2,2.0,0.05,8,31.127935228220686,0.84551830357276,0.8560128500397706,results/sweeps/man_sigma10\metrics.jsonl
man.tiff,10,0.25,0.08,0.1,5.0,1.2,2.0,0.05,10,31.03811786754872,0.8461830088531384,0.8380839695357044,results/sweeps/man_sigma10\metrics.jsonl
man.tiff,10,0.25,0.08,0.1,5.0,1.0,2.0,0.05,12,30.8726760638978,0.8445653529952468,0.8030699050098077,results/sweeps/man_sigma10\metrics.jsonl
man.tiff,10,0.25,0.08,0.1,5.0,1.2,2.0,0.05,12,30.872853568148262,0.8445512313237378,0.8030963718777079,results/sweeps/man_sigma10\metrics.jsonl
man.tiff,10,0.25,0.08,0.1,5.0,1.0,2.0,0.05,14,30.6545361420918,0.8413867483162839,0.7561708488780043,results/sweeps/man_sigma10\metrics.jsonl
man.tiff,10,0.25,0.08,0.1,5.0,1.2,2.0,0.05,14,30.673304986959835,0.841672995792361,0.7602149935097801,results/sweeps/man_sigma10\metrics.jsonl
man.tiff,10,0.25,0.08,0.12,5.0,1.0,2.0,0.05,6,31.13596149517769,0.8427176481619552,0.8556961330798554,results/sweeps/man_sigma10\metrics.jsonl
man.tiff,10,0.25,0.08,0.12,5.0,1.2,2.0,0.05,6,31.086931989630955,0.8419773559129514,0.8451369157298989,results/sweeps/man_sigma10\metrics.jsonl
man.tiff,10,0.25,0.08,0.12,5.0,1.0,2.0,0.05,8,31.19028279760258,0.8480513229725567,0.8705544534037615,results/sweeps/man_sigma10\metrics.jsonl
man.tiff,10,0.25,0.08,0.12,5.0,1.2,2.0,0.05,8,31.15384135170619,0.8475341799381652,0.8627294160793597,results/sweeps/man_sigma10\metrics.jsonl
man.tiff,10,0.25,0.08,0.12,5.0,1.0,2.0,0.05,10,31.086729877827946,0.8489114885752873,0.8499494170442312,results/sweeps/man_sigma10\metrics.jsonl
man.tiff,10,0.25,0.08,0.12,5.0,1.2,2.0,0.05,10,31.067895582254334,0.8486504409564121,0.8459095083149744,results/sweeps/man_sigma10\metrics.jsonl
man.tiff,10,0.25,0.08,0.12,5.0,1.0,2.0,0.05,12,30.90495704113128,0.8473886459843287,0.8116572028339396,results/sweeps/man_sigma10\metrics.jsonl
man.tiff,10,0.25,0.08,0.12,5.0,1.2,2.0,0.05,12,30.904867623322758,0.847383117269933,0.8116350203860688,results/sweeps/man_sigma10\metrics.jsonl
man.tiff,10,0.25,0.08,0.12,5.0,1.0,2.0,0.05,14,30.688417619776317,0.8445580779335626,0.7653295473275097,results/sweeps/man_sigma10\metrics.jsonl
man.tiff,10,0.25,0.08,0.12,5.0,1.2,2.0,0.05,14,30.70643294731984,0.8447970386341541,0.7691862744025653,results/sweeps/man_sigma10\metrics.jsonl
man.tiff,10,0.25,0.1,0.08,5.0,1.0,2.0,0.05,6,31.123824478432955,0.8413848266618124,0.852277553925997,results/sweeps/man_sigma10\metrics.jsonl
man.tiff,10,0.25,0.1,0.08,5.0,1.2,2.0,0.05,6,31.073022928349395,0.8404817708613241,0.8412414956801799,results/sweeps/man_sigma10\metrics.jsonl
man.tiff,10,0.25,0.1,0.08,5.0,1.0,2.0,0.05,8,31.13879854173348,0.8451747197415889,0.8579970970137858,results/sweeps/man_sigma10\metrics.jsonl
man.tiff,10,0.25,0.1,0.08,5.0,1.2,2.0,0.05,8,31.102610165699225,0.8445150004957505,0.8501240838621773,results/sweeps/man_sigma10\metrics.jsonl
man.tiff,10,0.25,0.1,0.08,5.0,1.0,2.0,0.05,10,31.0051236655285,0.8447134292254299,0.8302982059734075,results/sweeps/man_sigma10\metrics.jsonl
man.tiff,10,0.25,0.1,0.08,5.0,1.2,2.0,0.05,10,30.9882934721057,0.8443561798166833,0.8266013867119995,results/sweeps/man_sigma10\metrics.jsonl
man.tiff,10,0.25,0.1,0.08,5.0,1.0,2.0,0.05,12,30.802327785215688,0.8420855506120176,0.7869270458180041,results/sweeps/man_sigma10\metrics.jsonl
man.tiff,10,0.25,0.1,0.08,5.0,1.2,2.0,0.05,12,30.805591906287887,0.8420462094252695,0.7875679836733442,results/sweeps/man_sigma10\metrics.jsonl
man.tiff,10,0.25,0.1,0.08,5.0,1.0,2.0,0.05,14,30.571699024605383,0.8383285228670097,0.737065437928542,results/sweeps/man_sigma10\metrics.jsonl
man.tiff,10,0.25,0.1,0.08,5.0,1.2,2.0,0.05,14,30.59410493219675,0.8386054158407585,0.7418478877957166,results/sweeps/man_sigma10\metrics.jsonl
man.tiff,10,0.25,0.1,0.1,5.0,1.0,2.0,0.05,6,31.130138386846028,0.8418850892586918,0.8539207965730424,results/sweeps/man_sigma10\metrics.jsonl
man.tiff,10,0.25,0.1,0.1,5.0,1.2,2.0,0.05,6,31.08056334980254,0.841089097469769,0.8432108672532828,results/sweeps/man_sigma10\metrics.jsonl
man.tiff,10,0.25,0.1,0.1,5.0,1.0,2.0,0.05,8,31.14767133774545,0.8459212260268141,0.8603367584211217,results/sweeps/man_sigma10\metrics.jsonl
man.tiff,10,0.25,0.1,0.1,5.0,1.2,2.0,0.05,8,31.11284030701229,0.8453889112325295,0.8528309063369852,results/sweeps/man_sigma10\metrics.jsonl
man.tiff,10,0.25,0.1,0.1,5.0,1.2,2.0,0.05,10,31.000533001594874,0.8454755937659097,0.8298915747094682,results/sweeps/man_sigma10\metrics.jsonl
man.tiff,10,0.25,0.1,0.1,5.0,1.0,2.0,0.05,12,30.814795180421907,0.843299253137023,0.7903299016486228,results/sweeps/man_sigma10\metrics.jsonl
man.tiff,10,0.25,0.1,0.1,5.0,1.2,2.0,0.05,12,30.819286101624037,0.8433906260225607,0.7913135822671817,results/sweeps/man_sigma10\metrics.jsonl
man.tiff,10,0.25,0.1,0.1,5.0,1.0,2.0,0.05,14,30.585353331500784,0.8397584042067484,0.7408626928765136,results/sweeps/man_sigma10\metrics.jsonl
man.tiff,10,0.25,0.1,0.1,5.0,1.2,2.0,0.05,14,30.608840794974913,0.8401561109182827,0.7459512099321676,results/sweeps/man_sigma10\metrics.jsonl
man.tiff,10,0.25,0.1,0.12,5.0,1.0,2.0,0.05,6,31.149028356533815,0.843251560296747,0.8587459034931834,results/sweeps/man_sigma10\metrics.jsonl
man.tiff,10,0.25,0.1,0.12,5.0,1.2,2.0,0.05,6,31.1005530203539,0.8425639308752758,0.8483370414096348,results/sweeps/man_sigma10\metrics.jsonl
man.tiff,10,0.25,0.1,0.12,5.0,1.0,2.0,0.05,8,31.172778422700254,0.8478526440595648,0.8668305642844504,results/sweeps/man_sigma10\metrics.jsonl
man.tiff,10,0.25,0.1,0.12,5.0,1.2,2.0,0.05,8,31.138691117605113,0.847413526516949,0.8595422617988937,results/sweeps/man_sigma10\metrics.jsonl
man.tiff,10,0.25,0.1,0.12,5.0,1.0,2.0,0.05,10,31.045333141478913,0.8481182689062958,0.8409163058324268,results/sweeps/man_sigma10\metrics.jsonl
man.tiff,10,0.25,0.1,0.12,5.0,1.2,2.0,0.05,10,31.03007107037477,0.8479501417335324,0.837673016232193,results/sweeps/man_sigma10\metrics.jsonl
man.tiff,10,0.25,0.1,0.12,5.0,1.2,2.0,0.05,12,30.850915788668907,0.8462283269542715,0.7997775844752361,results/sweeps/man_sigma10\metrics.jsonl
man.tiff,10,0.25,0.1,0.12,5.0,1.0,2.0,0.05,14,30.61875679813504,0.8429382567997036,0.7499294629878869,results/sweeps/man_sigma10\metrics.jsonl
man.tiff,10,0.25,0.1,0.12,5.0,1.2,2.0,0.05,14,30.641483712385376,0.8432846472596619,0.7548263017535664,results/sweeps/man_sigma10\metrics.jsonl
man.tiff,10,0.25,0.12,0.08,5.0,1.0,2.0,0.05,6,31.12670823680718,0.8416068275920793,0.8530235347666963,results/sweeps/man_sigma10\metrics.jsonl
man.tiff,10,0.25,0.12,0.08,5.0,1.2,2.0,0.05,6,31.07753360888049,0.8407676698675695,0.84236539120113,results/sweeps/man_sigma10\metrics.jsonl
man.tiff,10,0.25,0.12,0.08,5.0,1.0,2.0,0.05,8,31.115362056759942,0.8448443710159718,0.8529661707060935,results/sweeps/man_sigma10\metrics.jsonl
man.tiff,10,0.25,0.12,0.08,5.0,1.2,2.0,0.05,8,31.082187285683727,0.8442636477447582,0.8457656268975879,results/sweeps/man_sigma10\metrics.jsonl
man.tiff,10,0.25,0.12,0.08,5.0,1.0,2.0,0.05,10,30.961242755189108,0.8439338802481766,0.8207659170639748,results/sweeps/man_sigma10\metrics.jsonl
man.tiff,10,0.25,0.12,0.08,5.0,1.2,2.0,0.05,10,30.94826337762501,0.8436626273854152,0.8179179244113554,results/sweeps/man_sigma10\metrics.jsonl
man.tiff,10,0.25,0.12,0.08,5.0,1.0,2.0,0.05,12,30.743988417150913,0.8409525632911703,0.774186325739584,results/sweeps/man_sigma10\metrics.jsonl
man.tiff,10,0.25,0.12,0.08,5.0,1.2,2.0,0.05,12,30.751540243821594,0.8410020539976681,0.7757675479163825,results/sweeps/man_sigma10\metrics.jsonl
man.tiff,10,0.25,0.12,0.08,5.0,1.0,2.0,0.05,14,30.503516253430387,0.8369154391807999,0.7221127676053518,results/sweeps/man_sigma10\metrics.jsonl
man.tiff,10,0.25,0.12,0.08,5.0,1.2,2.0,0.05,14,30.53040902442251,0.8372821751039433,0.7278769961170961,results/sweeps/man_sigma10\metrics.jsonl
man.tiff,10,0.25,0.12,0.1,5.0,1.0,2.0,0.05,6,31.133045046946975,0.8421093378086884,0.8546730409137706,results/sweeps/man_sigma10\metrics.jsonl
man.tiff,10,0.25,0.12,0.1,5.0,1.2,2.0,0.05,6,31.085095771154243,0.8413771688619208,0.8443407358624586,results/sweeps/man_sigma10\metrics.jsonl
man.tiff,10,0.25,0.12,0.1,5.0,1.0,2.0,0.05,8,31.124211301638802,0.8455937638599814,0.855303029542978,results/sweeps/man_sigma10\metrics.jsonl
man.tiff,10,0.25,0.12,0.1,5.0,1.2,2.0,0.05,8,31.09238520127696,0.8451399747427474,0.8484675410789679,results/sweeps/man_sigma10\metrics.jsonl
man.tiff,10,0.25,0.12,0.1,5.0,1.2,2.0,0.05,10,30.960408853848683,0.8447847500386191,0.8211907468339659,results/sweeps/man_sigma10\metrics.jsonl
man.tiff,10,0.25,0.12,0.1,5.0,1.0,2.0,0.05,12,30.756323114983072,0.8421701983655774,0.7775647585549594,results/sweeps/man_sigma10\metrics.jsonl
man.tiff,10,0.25,0.12,0.1,5.0,1.2,2.0,0.05,12,30.76508579484676,0.8423494068058123,0.7794847602001056,results/sweeps/man_sigma10\metrics.jsonl
man.tiff,10,0.25,0.12,0.1,5.0,1.0,2.0,0.05,14,30.516995359926973,0.8383497866527522,0.7258772686259283,results/sweeps/man_sigma10\metrics.jsonl
man.tiff,10,0.25,0.12,0.1,5.0,1.2,2.0,0.05,14,30.544953925205167,0.8388361111348486,0.7319434787998922,results/sweeps/man_sigma10\metrics.jsonl
man.tiff,10,0.25,0.12,0.12,5.0,1.0,2.0,0.05,6,31.15199869089318,0.8434823494196259,0.8595157664244052,results/sweeps/man_sigma10\metrics.jsonl
man.tiff,10,0.25,0.12,0.12,5.0,1.2,2.0,0.05,6,31.105138211647617,0.8428575588281776,0.849481606647956,results/sweeps/man_sigma10\metrics.jsonl
man.tiff,10,0.25,0.12,0.12,5.0,1.0,2.0,0.05,8,31.14923199979369,0.8475319259134084,0.8617838646093328,results/sweeps/man_sigma10\metrics.jsonl
man.tiff,10,0.25,0.12,0.12,5.0,1.2,2.0,0.05,8,31.11813648985367,0.847169703531714,0.8551620943519416,results/sweeps/man_sigma10\metrics.jsonl
man.tiff,10,0.25,0.12,0.12,5.0,1.0,2.0,0.05,10,31.0011230298502,0.8473486112678243,0.8313235219801225,results/sweeps/man_sigma10\metrics.jsonl
man.tiff,10,0.25,0.12,0.12,5.0,1.2,2.0,0.05,10,30.98969043379516,0.8472637420160194,0.8289227714534462,results/sweeps/man_sigma10\metrics.jsonl
man.tiff,10,0.25,0.12,0.12,5.0,1.0,2.0,0.05,12,30.78785699589405,0.8450090927441946,0.7860099755289812,results/sweeps/man_sigma10\metrics.jsonl
man.tiff,10,0.25,0.12,0.12,5.0,1.2,2.0,0.05,12,30.796334496000068,0.8451907751633995,0.7878733054825978,results/sweeps/man_sigma10\metrics.jsonl
man.tiff,10,0.25,0.12,0.12,5.0,1.0,2.0,0.05,14,30.54992239791983,0.841535194835981,0.734850357299301,results/sweeps/man_sigma10\metrics.jsonl
man.tiff,10,0.25,0.12,0.12,5.0,1.2,2.0,0.05,14,30.57713037537438,0.8419677108114411,0.7407251846527771,results/sweeps/man_sigma10\metrics.jsonl
man.tiff,10,0.3,0.08,0.08,5.0,1.0,2.0,0.05,6,31.10204876414775,0.840970937080169,0.847528267066638,results/sweeps/man_sigma10\metrics.jsonl
man.tiff,10,0.3,0.08,0.08,5.0,1.0,2.0,0.05,8,31.076335619328525,0.8447007948774549,0.84487323606667,results/sweeps/man_sigma10\metrics.jsonl
man.tiff,10,0.3,0.08,0.08,5.0,1.2,2.0,0.05,8,31.05760009895957,0.8442052219465609,0.8406893883176336,results/sweeps/man_sigma10\metrics.jsonl
man.tiff,10,0.3,0.08,0.08,5.0,1.0,2.0,0.05,10,30.897910508644486,0.8440531765023536,0.8078792773932146,results/sweeps/man_sigma10\metrics.jsonl
man.tiff,10,0.3,0.08,0.08,5.0,1.2,2.0,0.05,10,30.899187490684557,0.8438520847166995,0.8080000330757067,results/sweeps/man_sigma10\metrics.jsonl
man.tiff,10,0.3,0.08,0.08,5.0,1.0,2.0,0.05,12,30.652833372163876,0.8411619803235039,0.7556647919882249,results/sweeps/man_sigma10\metrics.jsonl
man.tiff,10,0.3,0.08,0.08,5.0,1.2,2.0,0.05,12,30.673828024232375,0.841268097921836,0.7600386805806567,results/sweeps/man_sigma10\metrics.jsonl
man.tiff,10,0.3,0.08,0.08,5.0,1.0,2.0,0.05,14,30.384998898294544,0.8371039869669972,0.6979729525991178,results/sweeps/man_sigma10\metrics.jsonl
man.tiff,10,0.3,0.08,0.08,5.0,1.2,2.0,0.05,14,30.42405514733126,0.8375136929188981,0.7062582833848515,results/sweeps/man_sigma10\metrics.jsonl
man.tiff,10,0.3,0.08,0.1,5.0,1.0,2.0,0.05,6,31.108388711497707,0.8414754616817561,0.8491798257691237,results/sweeps/man_sigma10\metrics.jsonl
man.tiff,10,0.3,0.08,0.1,5.0,1.2,2.0,0.05,6,31.074286773272128,0.8408500073347638,0.841758090724023,results/sweeps/man_sigma10\metrics.jsonl
man.tiff,10,0.3,0.08,0.1,5.0,1.2,2.0,0.05,8,31.06781706455528,0.8450870891493268,0.8433990819935151,results/sweeps/man_sigma10\metrics.jsonl
man.tiff,10,0.3,0.08,0.1,5.0,1.0,2.0,0.05,10,30.908609556029703,0.8450440457563461,0.8107640005943648,results/sweeps/man_sigma10\metrics.jsonl
man.tiff,10,0.3,0.08,0.1,5.0,1.2,2.0,0.05,10,30.91126756330073,0.8449799571309163,0.811263485978969,results/sweeps/man_sigma10\metrics.jsonl
man.tiff,10,0.3,0.08,0.1,5.0,1.0,2.0,0.05,12,30.6649352252869,0.8423815170153501,0.7589968704314753,results/sweeps/man_sigma10\metrics.jsonl
man.tiff,10,0.3,0.08,0.1,5.0,1.0,2.0,0.05,14,30.398130992887108,0.838540140374936,0.7016676513645114,results/sweeps/man_sigma10\metrics.jsonl
man.tiff,10,0.3,0.08,0.1,5.0,1.2,2.0,0.05,14,30.438302549665927,0.8390734387055722,0.7102679066098778,results/sweeps/man_sigma10\metrics.jsonl
man.tiff,10,0.3,0.08,0.12,5.0,1.0,2.0,0.05,6,31.127570085193046,0.8428728342923214,0.8540862419640125,results/sweeps/man_sigma10\metrics.jsonl
man.tiff,10,0.3,0.08,0.12,5.0,1.2,2.0,0.05,6,31.09476143589239,0.8423678419997984,0.8470136898630247,results/sweeps/man_sigma10\metrics.jsonl
man.tiff,10,0.3,0.08,0.12,5.0,1.0,2.0,0.05,8,31.110292993981158,0.8474181843367629,0.8537297197486908,results/sweeps/man_sigma10\metrics.jsonl
man.tiff,10,0.3,0.08,0.12,5.0,1.0,2.0,0.05,10,30.93759422008406,0.8475007013093013,0.8184195827346348,results/sweeps/man_sigma10\metrics.jsonl
man.tiff,10,0.3,0.08,0.12,5.0,1.2,2.0,0.05,10,30.940685978072445,0.8475006759811801,0.8190527425398737,results/sweeps/man_sigma10\metrics.jsonl
man.tiff,10,0.3,0.08,0.12,5.0,1.0,2.0,0.05,12,30.69614612284962,0.8452535122087069,0.767399112500962,results/sweeps/man_sigma10\metrics.jsonl
man.tiff,10,0.3,0.08,0.12,5.0,1.2,2.0,0.05,12,30.71832325698129,0.8455052259679682,0.772117085186453,results/sweeps/man_sigma10\metrics.jsonl
man.tiff,10,0.3,0.08,0.12,5.0,1.0,2.0,0.05,14,30.43047995204782,0.8417600514267556,0.7105465042124048,results/sweeps/man_sigma10\metrics.jsonl
man.tiff,10,0.3,0.08,0.12,5.0,1.2,2.0,0.05,14,30.470094607320224,0.8422475908107626,0.7190006773786211,results/sweeps/man_sigma10\metrics.jsonl
man.tiff,10,0.3,0.1,0.08,5.0,1.0,2.0,0.05,6,31.1096068774227,0.8413991411935248,0.8493758760953055,results/sweeps/man_sigma10\metrics.jsonl
man.tiff,10,0.3,0.1,0.08,5.0,1.2,2.0,0.05,6,31.075126278162028,0.8407210656720742,0.8418397582241094,results/sweeps/man_sigma10\metrics.jsonl
man.tiff,10,0.3,0.1,0.08,5.0,1.0,2.0,0.05,8,31.052772519434967,0.8443742967566673,0.839819075040593,results/sweeps/man_sigma10\metrics.jsonl
man.tiff,10,0.3,0.1,0.08,5.0,1.2,2.0,0.05,8,31.036638315181687,0.8439618474353183,0.8362261511579228,results/sweeps/man_sigma10\metrics.jsonl
man.tiff,10,0.3,0.1,0.08,5.0,1.0,2.0,0.05,10,30.851583672149303,0.8431260234675035,0.7977427514387475,results/sweeps/man_sigma10\metrics.jsonl
man.tiff,10,0.3,0.1,0.08,5.0,1.2,2.0,0.05,10,30.85652088747682,0.8430232793148832,0.7986819490742467,results/sweeps/man_sigma10\metrics.jsonl
man.tiff,10,0.3,0.1,0.08,5.0,1.0,2.0,0.05,12,30.59140511109959,0.8397725216235846,0.7421119511458147,results/sweeps/man_sigma10\metrics.jsonl
man.tiff,10,0.3,0.1,0.08,5.0,1.2,2.0,0.05,12,30.6166657800728,0.8399864314209105,0.7474349545309692,results/sweeps/man_sigma10\metrics.jsonl
man.tiff,10,0.3,0.1,0.08,5.0,1.0,2.0,0.05,14,30.31393267700988,0.8353551482036029,0.6821947366635217,results/sweeps/man_sigma10\metrics.jsonl
man.tiff,10,0.3,0.1,0.1,5.0,1.0,2.0,0.05,8,31.061569753175924,0.8451305362619501,0.842150074903271,results/sweeps/man_sigma10\metrics.jsonl
man.tiff,10,0.3,0.1,0.1,5.0,1.2,2.0,0.05,8,31.046832332146124,0.8448478866203071,0.8389340654493103,results/sweeps/man_sigma10\metrics.jsonl
man.tiff,10,0.3,0.1,0.1,5.0,1.0,2.0,0.05,10,30.862215277233126,0.844122636542787,0.8006176834477968,results/sweeps/man_sigma10\metrics.jsonl
man.tiff,10,0.3,0.1,0.1,5.0,1.2,2.0,0.05,10,30.868511974763617,0.8441557000812855,0.8019303620459459,results/sweeps/man_sigma10\metrics.jsonl
man.tiff,10,0.3,0.1,0.1,5.0,1.0,2.0,0.05,12,30.603389319213523,0.840998598387041,0.7454245144931142,results/sweeps/man_sigma10\metrics.jsonl
man.tiff,10,0.3,0.1,0.1,5.0,1.2,2.0,0.05,12,30.62989263839709,0.8413446296332533,0.7510944918272384,results/sweeps/man_sigma10\metrics.jsonl
man.tiff,10,0.3,0.1,0.1,5.0,1.0,2.0,0.05,14,30.32690913403521,0.8367985846153011,0.6858626596877551,results/sweeps/man_sigma10\metrics.jsonl
man.tiff,10,0.3,0.1,0.1,5.0,1.2,2.0,0.05,14,30.371666745084475,0.8374442964768739,0.6954808068096537,results/sweeps/man_sigma10\metrics.jsonl
man.tiff,10,0.3,0.1,0.12,5.0,1.0,2.0,0.05,6,31.135288975508185,0.8433162968958271,0.8559774583195324,results/sweeps/man_sigma10\metrics.jsonl
man.tiff,10,0.3,0.1,0.12,5.0,1.2,2.0,0.05,6,31.10335440525401,0.8428669651713986,0.8491228759052861,results/sweeps/man_sigma10\metrics.jsonl
man.tiff,10,0.3,0.1,0.12,5.0,1.2,2.0,0.05,8,31.07282909765444,0.8469261433792146,0.8457128608254898,results/sweeps/man_sigma10\metrics.jsonl
man.tiff,10,0.3,0.1,0.12,5.0,1.0,2.0,0.05,10,30.890957563703015,0.8465898165642232,0.8082309949235145,results/sweeps/man_sigma10\metrics.jsonl
man.tiff,10,0.3,0.1,0.12,5.0,1.2,2.0,0.05,10,30.89765694592152,0.846683392291628,0.8096684999893139,results/sweeps/man_sigma10\metrics.jsonl
man.tiff,10,0.3,0.1,0.12,5.0,1.0,2.0,0.05,12,30.634221455210056,0.8438802248852567,0.7537559298837313,results/sweeps/man_sigma10\metrics.jsonl
man.tiff,10,0.3,0.1,0.12,5.0,1.2,2.0,0.05,12,30.6606171119533,0.8442340997562948,0.7594093489924181,results/sweeps/man_sigma10\metrics.jsonl
man.tiff,10,0.3,0.1,0.12,5.0,1.0,2.0,0.05,14,30.358788342203688,0.8400271008062575,0.6946513333330818,results/sweeps/man_sigma10\metrics.jsonl
man.tiff,10,0.3,0.1,0.12,5.0,1.2,2.0,0.05,14,30.402976894965782,0.8406227877456595,0.7041179225412698,results/sweeps/man_sigma10\metrics.jsonl
man.tiff,10,0.3,0.12,0.08,5.0,1.0,2.0,0.05,6,31.106321676933902,0.8415321367415726,0.8487961793272234,results/sweeps/man_sigma10\metrics.jsonl
man.tiff,10,0.3,0.12,0.08,5.0,1.2,2.0,0.05,6,31.07376760066693,0.8409201322531765,0.8417008540524131,results/sweeps/man_sigma10\metrics.jsonl
man.tiff,10,0.3,0.12,0.08,5.0,1.0,2.0,0.05,8,31.022192554796234,0.8439332864963014,0.8332477345278032,results/sweeps/man_sigma10\metrics.jsonl
man.tiff,10,0.3,0.12,0.08,5.0,1.2,2.0,0.05,8,31.009237224863003,0.8436001506393038,0.8303613486212307,results/sweeps/man_sigma10\metrics.jsonl
man.tiff,10,0.3,0.12,0.08,5.0,1.0,2.0,0.05,10,30.80123740186839,0.8422278604034293,0.7868033572766293,results/sweeps/man_sigma10\metrics.jsonl
man.tiff,10,0.3,0.12,0.08,5.0,1.2,2.0,0.05,10,30.81004938587984,0.8422103260396243,0.7885957362171601,results/sweeps/man_sigma10\metrics.jsonl
man.tiff,10,0.3,0.12,0.08,5.0,1.0,2.0,0.05,12,30.527998238805033,0.8385198060749925,0.7282496202095425,results/sweeps/man_sigma10\metrics.jsonl
man.tiff,10,0.3,0.12,0.08,5.0,1.2,2.0,0.05,12,30.557474384659955,0.8388215944765285,0.7344974485114056,results/sweeps/man_sigma10\metrics.jsonl
man.tiff,10,0.3,0.12,0.08,5.0,1.0,2.0,0.05,14,30.2422231759664,0.8338245609286746,0.666437556092385,results/sweeps/man_sigma10\metrics.jsonl
man.tiff,10,0.3,0.12,0.1,5.0,1.0,2.0,0.05,6,31.112718314293787,0.8420428802567301,0.8504637011173515,results/sweeps/man_sigma10\metrics.jsonl
man.tiff,10,0.3,0.12,0.1,5.0,1.2,2.0,0.05,6,31.081438262814167,0.8415405686674852,0.8437060751729106,results/sweeps/man_sigma10\metrics.jsonl
man.tiff,10,0.3,0.12,0.1,5.0,1.0,2.0,0.05,8,31.030953058882375,0.8446925242565714,0.8355733111079369,results/sweeps/man_sigma10\metrics.jsonl
man.tiff,10,0.3,0.12,0.1,5.0,1.2,2.0,0.05,8,31.01938289978227,0.8444885779222525,0.8330610343570749,results/sweeps/man_sigma10\metrics.jsonl
man.tiff,10,0.3,0.12,0.1,5.0,1.0,2.0,0.05,10,30.81177575945206,0.843227904247417,0.7896615941730937,results/sweeps/man_sigma10\metrics.jsonl
man.tiff,10,0.3,0.12,0.1,5.0,1.2,2.0,0.05,10,30.821931006639396,0.8433455040618116,0.7918236610365544,results/sweeps/man_sigma10\metrics.jsonl
man.tiff,10,0.3,0.12,0.1,5.0,1.0,2.0,0.05,12,30.539841690633743,0.8397499046576998,0.7315361726032852,results/sweeps/man_sigma10\metrics.jsonl
man.tiff,10,0.3,0.12,0.1,5.0,1.2,2.0,0.05,12,30.570542701961475,0.8401828398215249,0.7381266503426649,results/sweeps/man_sigma10\metrics.jsonl
man.tiff,10,0.3,0.12,0.1,5.0,1.0,2.0,0.05,14,30.25502358070783,0.8352724151710947,0.6700725169161094,results/sweeps/man_sigma10\metrics.jsonl
man.tiff,10,0.3,0.12,0.1,5.0,1.2,2.0,0.05,14,30.30413372019501,0.8360059524616453,0.6806435192479592,results/sweeps/man_sigma10\metrics.jsonl
man.tiff,10,0.3,0.12,0.12,5.0,1.0,2.0,0.05,6,31.13205361370206,0.8434582283667791,0.8554142234259385,results/sweeps/man_sigma10\metrics.jsonl
man.tiff,10,0.3,0.12,0.12,5.0,1.2,2.0,0.05,6,31.102033220115132,0.8430737254416235,0.8489970355746814,results/sweeps/man_sigma10\metrics.jsonl
man.tiff,10,0.3,0.12,0.12,5.0,1.0,2.0,0.05,8,31.05591411062342,0.8466764948876861,0.8420739968728737,results/sweeps/man_sigma10\metrics.jsonl
man.tiff,10,0.3,0.12,0.12,5.0,1.2,2.0,0.05,8,31.045238977854183,0.8465720447191998,0.8398146646327651,results/sweeps/man_sigma10\metrics.jsonl
man.tiff,10,0.3,0.12,0.12,5.0,1.0,2.0,0.05,10,30.840231777874486,0.8457016234305729,0.7972208567085614,results/sweeps/man_sigma10\metrics.jsonl
man.tiff,10,0.3,0.12,0.12,5.0,1.2,2.0,0.05,10,30.850781267214728,0.8458776445297369,0.7995045574151844,results/sweeps/man_sigma10\metrics.jsonl
man.tiff,10,0.3,0.12,0.12,5.0,1.0,2.0,0.05,12,30.570271310843452,0.8426376536082184,0.7397894403652697,results/sweeps/man_sigma10\metrics.jsonl
man.tiff,10,0.3,0.12,0.12,5.0,1.2,2.0,0.05,12,30.600863426249084,0.8430761041256435,0.7463614774780718,results/sweeps/man_sigma10\metrics.jsonl
man.tiff,10,0.3,0.12,0.12,5.0,1.0,2.0,0.05,14,30.286424061267816,0.838506624288016,0.6787671344407409,results/sweeps/man_sigma10\metrics.jsonl
man.tiff,10,0.3,0.12,0.12,5.0,1.2,2.0,0.05,14,30.334972561501942,0.8391876477407049,0.6891863560012869,results/sweeps/man_sigma10\metrics.jsonl
man.tiff,10,0.35,0.08,0.08,5.0,1.0,2.0,0.05,6,31.069079168848948,0.8408385999598527,0.8406836126006503,results/sweeps/man_sigma10\metrics.jsonl
man.tiff,10,0.35,0.08,0.08,5.0,1.2,2.0,0.05,6,31.045114735034435,0.8402480472145041,0.8353624220327229,results/sweeps/man_sigma10\metrics.jsonl
man.tiff,10,0.35,0.08,0.08,5.0,1.0,2.0,0.05,8,30.984742882924643,0.8439649979897221,0.8256004154219739,results/sweeps/man_sigma10\metrics.jsonl
man.tiff,10,0.35,0.08,0.08,5.0,1.2,2.0,0.05,8,30.978988027695934,0.8436214005296303,0.8241813298407421,results/sweeps/man_sigma10\metrics.jsonl
man.tiff,10,0.35,0.08,0.08,5.0,1.0,2.0,0.05,10,30.753952491993605,0.8427362447309262,0.7774754985412596,results/sweeps/man_sigma10\metrics.jsonl
man.tiff,10,0.35,0.08,0.08,5.0,1.2,2.0,0.05,10,30.768159258878327,0.842682830918532,0.7803475880973796,results/sweeps/man_sigma10\metrics.jsonl
man.tiff,10,0.35,0.08,0.08,5.0,1.0,2.0,0.05,12,30.466460233211208,0.8393137260804601,0.7162026692959822,results/sweeps/man_sigma10\metrics.jsonl
man.tiff,10,0.35,0.08,0.08,5.0,1.2,2.0,0.05,12,30.499298378412263,0.8395566193310933,0.723097792689706,results/sweeps/man_sigma10\metrics.jsonl
man.tiff,10,0.35,0.08,0.08,5.0,1.0,2.0,0.05,14,30.165578208317292,0.8347782592012658,0.6514086149922186,results/sweeps/man_sigma10\metrics.jsonl
man.tiff,10,0.35,0.08,0.08,5.0,1.2,2.0,0.05,14,30.214827596752727,0.8353095702195745,0.6618665764649903,results/sweeps/man_sigma10\metrics.jsonl
man.tiff,10,0.35,0.08,0.1,5.0,1.0,2.0,0.05,6,31.075672485516993,0.8413687844072841,0.8424050220432077,results/sweeps/man_sigma10\metrics.jsonl
man.tiff,10,0.35,0.08,0.1,5.0,1.2,2.0,0.05,6,31.053066200027224,0.8408950943094211,0.8374437777353814,results/sweeps/man_sigma10\metrics.jsonl
man.tiff,10,0.35,0.08,0.1,5.0,1.0,2.0,0.05,8,30.99364627873993,0.844742876423283,0.8279683040293437,results/sweeps/man_sigma10\metrics.jsonl
man.tiff,10,0.35,0.08,0.1,5.0,1.2,2.0,0.05,8,30.989354460011004,0.8445353483992978,0.8269440900665446,results/sweeps/man_sigma10\metrics.jsonl
man.tiff,10,0.35,0.08,0.1,5.0,1.0,2.0,0.05,10,30.764562325461537,0.8437542976378611,0.7803609797076445,results/sweeps/man_sigma10\metrics.jsonl
man.tiff,10,0.35,0.08,0.1,5.0,1.2,2.0,0.05,10,30.780178990330977,0.8438426142650672,0.7836210210659902,results/sweeps/man_sigma10\metrics.jsonl
man.tiff,10,0.35,0.08,0.1,5.0,1.0,2.0,0.05,12,30.478293250682327,0.8405611566041293,0.7194992171409031,results/sweeps/man_sigma10\metrics.jsonl
man.tiff,10,0.35,0.08,0.1,5.0,1.2,2.0,0.05,12,30.51240984243922,0.8409416123551411,0.7267524541433017,results/sweeps/man_sigma10\metrics.jsonl
man.tiff,10,0.35,0.08,0.1,5.0,1.0,2.0,0.05,14,30.178285019095277,0.8362427738764097,0.6550360705141147,results/sweeps/man_sigma10\metrics.jsonl
man.tiff,10,0.35,0.08,0.12,5.0,1.0,2.0,0.05,6,31.095841244263134,0.8428603454686456,0.8475795819809819,results/sweeps/man_sigma10\metrics.jsonl
man.tiff,10,0.35,0.08,0.12,5.0,1.2,2.0,0.05,6,31.074720078686752,0.8425223341478492,0.8430174584097898,results/sweeps/man_sigma10\metrics.jsonl
man.tiff,10,0.35,0.08,0.12,5.0,1.0,2.0,0.05,8,31.019279104304573,0.8468015423923753,0.8346588526591547,results/sweeps/man_sigma10\metrics.jsonl
man.tiff,10,0.35,0.08,0.12,5.0,1.2,2.0,0.05,8,31.016068798602426,0.8467080273585856,0.8339359365848176,results/sweeps/man_sigma10\metrics.jsonl
man.tiff,10,0.35,0.08,0.12,5.0,1.0,2.0,0.05,10,30.793474972342423,0.846300557445999,0.788064536047194,results/sweeps/man_sigma10\metrics.jsonl
man.tiff,10,0.35,0.08,0.12,5.0,1.2,2.0,0.05,10,30.809634408809885,0.8464586815776088,0.7914845997361659,results/sweeps/man_sigma10\metrics.jsonl
man.tiff,10,0.35,0.08,0.12,5.0,1.0,2.0,0.05,12,30.50894671445152,0.8435188102638175,0.7278472603104075,results/sweeps/man_sigma10\metrics.jsonl
man.tiff,10,0.35,0.08,0.12,5.0,1.2,2.0,0.05,12,30.543071831042752,0.8439134951673857,0.7351122035656854,results/sweeps/man_sigma10\metrics.jsonl
man.tiff,10,0.35,0.08,0.12,5.0,1.0,2.0,0.05,14,30.209688923537364,0.8395438722482876,0.6637782117122115,results/sweeps/man_sigma10\metrics.jsonl
man.tiff,10,0.35,0.08,0.12,5.0,1.2,2.0,0.05,14,30.25958302301244,0.8401556797600312,0.6744245545274541,results/sweeps/man_sigma10\metrics.jsonl
man.tiff,10,0.35,0.1,0.08,5.0,1.0,2.0,0.05,6,31.07310534436632,0.8412071951678821,0.8417661711084852,results/sweeps/man_sigma10\metrics.jsonl
man.tiff,10,0.35,0.1,0.08,5.0,1.0,2.0,0.05,8,30.957633503804338,0.8435668599058788,0.8197698450690332,results/sweeps/man_sigma10\metrics.jsonl
man.tiff,10,0.35,0.1,0.08,5.0,1.2,2.0,0.05,8,30.954569341012935,0.8433075124272832,0.8189607756660062,results/sweeps/man_sigma10\metrics.jsonl
man.tiff,10,0.35,0.1,0.08,5.0,1.0,2.0,0.05,10,30.70509097010904,0.8417347550752872,0.7667678452727865,results/sweeps/man_sigma10\metrics.jsonl
man.tiff,10,0.35,0.1,0.08,5.0,1.2,2.0,0.05,10,30.72295731615253,0.8417805091021981,0.7704588169638185,results/sweeps/man_sigma10\metrics.jsonl
man.tiff,10,0.35,0.1,0.08,5.0,1.0,2.0,0.05,12,30.403775085605922,0.8378512595060077,0.7023413184729057,results/sweeps/man_sigma10\metrics.jsonl
man.tiff,10,0.35,0.1,0.08,5.0,1.0,2.0,0.05,14,30.09442817039655,0.8329590955152115,0.6355640063568121,results/sweeps/man_sigma10\metrics.jsonl
man.tiff,10,0.35,0.1,0.08,5.0,1.2,2.0,0.05,14,30.14823149579362,0.8336058182906352,0.6470353809902339,results/sweeps/man_sigma10\metrics.jsonl
man.tiff,10,0.35,0.1,0.1,5.0,1.0,2.0,0.05,6,31.079735494352665,0.8417413555679643,0.843497907008729,results/sweeps/man_sigma10\metrics.jsonl
man.tiff,10,0.35,0.1,0.1,5.0,1.2,2.0,0.05,6,31.058215685539786,0.8413268548047501,0.8388006005627435,results/sweeps/man_sigma10\metrics.jsonl
man.tiff,10,0.35,0.1,0.1,5.0,1.0,2.0,0.05,8,30.96651970867655,0.8443495919207591,0.8221376105588142,results/sweeps/man_sigma10\metrics.jsonl
man.tiff,10,0.35,0.1,0.1,5.0,1.0,2.0,0.05,10,30.715626855529862,0.8427585627546174,0.7696422105666344,results/sweeps/man_sigma10\metrics.jsonl
man.tiff,10,0.35,0.1,0.1,5.0,1.2,2.0,0.05,10,30.734880164616563,0.8429448334837896,0.7737155874753043,results/sweeps/man_sigma10\metrics.jsonl
man.tiff,10,0.35,0.1,0.1,5.0,1.0,2.0,0.05,12,30.415489350925135,0.8391052656537178,0.7056181493709216,results/sweeps/man_sigma10\metrics.jsonl
man.tiff,10,0.35,0.1,0.1,5.0,1.2,2.0,0.05,12,30.45379803113201,0.839592824134719,0.7138048783369539,results/sweeps/man_sigma10\metrics.jsonl
man.tiff,10,0.35,0.1,0.1,5.0,1.0,2.0,0.05,14,30.106984059860746,0.8344309349411811,0.6391656812270798,results/sweeps/man_sigma10\metrics.jsonl
man.tiff,10,0.35,0.1,0.1,5.0,1.2,2.0,0.05,14,30.161877759033445,0.8352026635197976,0.6509478633578669,results/sweeps/man_sigma10\metrics.jsonl
man.tiff,10,0.35,0.1,0.12,5.0,1.0,2.0,0.05,6,31.09999940840304,0.8432440525360955,0.8486997494412474,results/sweeps/man_sigma10\metrics.jsonl
man.tiff,10,0.35,0.1,0.12,5.0,1.2,2.0,0.05,6,31.07994020108372,0.842963527435675,0.844395350294522,results/sweeps/man_sigma10\metrics.jsonl
man.tiff,10,0.35,0.1,0.12,5.0,1.0,2.0,0.05,8,30.992060036111884,0.8464194232949094,0.8288170317891221,results/sweeps/man_sigma10\metrics.jsonl
man.tiff,10,0.35,0.1,0.12,5.0,1.2,2.0,0.05,8,30.991491143833695,0.8464066179715383,0.8286915615924327,results/sweeps/man_sigma10\metrics.jsonl
man.tiff,10,0.35,0.1,0.12,5.0,1.0,2.0,0.05,10,30.74427487406519,0.8453152486319845,0.7772988705106454,results/sweeps/man_sigma10\metrics.jsonl
man.tiff,10,0.35,0.1,0.12,5.0,1.2,2.0,0.05,10,30.764039935672308,0.8455676973218398,0.781523376507731,results/sweeps/man_sigma10\metrics.jsonl
man.tiff,10,0.35,0.1,0.12,5.0,1.0,2.0,0.05,12,30.44575698163749,0.842072365536305,0.7138937880960663,results/sweeps/man_sigma10\metrics.jsonl
man.tiff,10,0.35,0.1,0.12,5.0,1.2,2.0,0.05,12,30.48405088922912,0.8425699868853685,0.7220845357074274,results/sweeps/man_sigma10\metrics.jsonl
man.tiff,10,0.35,0.1,0.12,5.0,1.0,2.0,0.05,14,30.1379262949451,0.8377402511545833,0.6478190271951213,results/sweeps/man_sigma10\metrics.jsonl
man.tiff,10,0.35,0.1,0.12,5.0,1.2,2.0,0.05,14,30.19233746429112,0.8384613381920555,0.6594669404017865,results/sweeps/man_sigma10\metrics.jsonl
man.tiff,10,0.35,0.12,0.08,5.0,1.0,2.0,0.05,6,31.065659916422522,0.841280277886884,0.8402925402897666,results/sweeps/man_sigma10\metrics.jsonl
man.tiff,10,0.35,0.12,0.08,5.0,1.2,2.0,0.05,6,31.044879748225416,0.8408164702675726,0.835712193973529,results/sweeps/man_sigma10\metrics.jsonl
man.tiff,10,0.35,0.12,0.08,5.0,1.0,2.0,0.05,8,30.922780982918624,0.8430534719838377,0.812272840713018,results/sweeps/man_sigma10\metrics.jsonl
man.tiff,10,0.35,0.12,0.08,5.0,1.2,2.0,0.05,8,30.922962930614194,0.8428736623746116,0.8121842360212334,results/sweeps/man_sigma10\metrics.jsonl
man.tiff,10,0.35,0.12,0.08,5.0,1.0,2.0,0.05,10,30.651401078496114,0.840760539037807,0.7550904560628856,results/sweeps/man_sigma10\metrics.jsonl
man.tiff,10,0.35,0.12,0.08,5.0,1.0,2.0,0.05,12,30.338250774747245,0.8365230882758099,0.6879925270728801,results/sweeps/man_sigma10\metrics.jsonl
man.tiff,10,0.35,0.12,0.08,5.0,1.2,2.0,0.05,12,30.379469173345438,0.8369622918029727,0.6967413042504799,results/sweeps/man_sigma10\metrics.jsonl
man.tiff,10,0.35,0.12,0.08,5.0,1.0,2.0,0.05,14,30.021753864915645,0.8313552187107216,0.619557935691365,results/sweeps/man_sigma10\metrics.jsonl
man.tiff,10,0.35,0.12,0.08,5.0,1.2,2.0,0.05,14,30.079876394908386,0.8320910651154421,0.6319762497083669,results/sweeps/man_sigma10\metrics.jsonl
man.tiff,10,0.35,0.12,0.1,5.0,1.2,2.0,0.05,6,31.05286640801504,0.8414692069311014,0.8378047401035352,results/sweeps/man_sigma10\metrics.jsonl
man.tiff,10,0.35,0.12,0.1,5.0,1.0,2.0,0.05,8,30.931619991169,0.8438392018046961,0.8146330390201953,results/sweeps/man_sigma10\metrics.jsonl
man.tiff,10,0.35,0.12,0.1,5.0,1.2,2.0,0.05,8,30.933236252155023,0.8437941241414894,0.8149324873252305,results/sweeps/man_sigma10\metrics.jsonl
man.tiff,10,0.35,0.12,0.1,5.0,1.0,2.0,0.05,10,30.661835373875594,0.841787843689143,0.7579464640731525,results/sweeps/man_sigma10\metrics.jsonl
man.tiff,10,0.35,0.12,0.1,5.0,1.2,2.0,0.05,10,30.68493105778029,0.8420582514918956,0.762865637274381,results/sweeps/man_sigma10\metrics.jsonl
man.tiff,10,0.35,0.12,0.1,5.0,1.2,2.0,0.05,12,30.392274144564414,0.8383552708319771,0.7003387876179971,results/sweeps/man_sigma10\metrics.jsonl
man.tiff,10,0.35,0.12,0.1,5.0,1.0,2.0,0.05,14,30.034136000068905,0.8328315812055691,0.6231271926419175,results/sweeps/man_sigma10\metrics.jsonl
man.tiff,10,0.35,0.12,0.1,5.0,1.2,2.0,0.05,14,30.093331011450545,0.8336910959806052,0.6358517136763882,results/sweeps/man_sigma10\metrics.jsonl
man.tiff,10,0.35,0.12,0.12,5.0,1.0,2.0,0.05,6,31.09257315151634,0.8433260761529511,0.847236303393603,results/sweeps/man_sigma10\metrics.jsonl
man.tiff,10,0.35,0.12,0.12,5.0,1.2,2.0,0.05,6,31.07459461335925,0.8431115742932226,0.8434042318009416,results/sweeps/man_sigma10\metrics.jsonl
man.tiff,10,0.35,0.12,0.12,5.0,1.2,2.0,0.05,8,30.959652197731916,0.8459802956939108,0.8218726691688576,results/sweeps/man_sigma10\metrics.jsonl
man.tiff,10,0.35,0.12,0.12,5.0,1.0,2.0,0.05,10,30.69017260043918,0.8443508799659095,0.7655439205586203,results/sweeps/man_sigma10\metrics.jsonl
man.tiff,10,0.35,0.12,0.12,5.0,1.2,2.0,0.05,10,30.713772302187632,0.8446856977000746,0.7706114012022725,results/sweeps/man_sigma10\metrics.jsonl
man.tiff,10,0.35,0.12,0.12,5.0,1.0,2.0,0.05,12,30.379675574446875,0.8407542663109634,0.6994379563835763,results/sweeps/man_sigma10\metrics.jsonl
man.tiff,10,0.35,0.12,0.12,5.0,1.2,2.0,0.05,12,30.42211356365666,0.8413362550627502,0.7085364496554899,results/sweeps/man_sigma10\metrics.jsonl
man.tiff,10,0.35,0.12,0.12,5.0,1.0,2.0,0.05,14,30.064604591064867,0.8361465221512127,0.6316874758347317,results/sweeps/man_sigma10\metrics.jsonl
man.tiff,10,0.35,0.12,0.12,5.0,1.2,2.0,0.05,14,30.12332453661856,0.836952914932374,0.6442775202201012,results/sweeps/man_sigma10\metrics.jsonl
man.tiff,10,0.4,0.08,0.08,5.0,1.0,2.0,0.05,6,31.027815674145444,0.840655969489041,0.8321052010916403,results/sweeps/man_sigma10\metrics.jsonl
man.tiff,10,0.4,0.08,0.08,5.0,1.2,2.0,0.05,6,31.011742217548846,0.8401641628311785,0.828469167908578,results/sweeps/man_sigma10\metrics.jsonl
man.tiff,10,0.4,0.08,0.08,5.0,1.0,2.0,0.05,8,30.89510363613234,0.843290385396086,0.8067704892932553,results/sweeps/man_sigma10\metrics.jsonl
man.tiff,10,0.4,0.08,0.08,5.0,1.2,2.0,0.05,8,30.897461935519463,0.8430435235017835,0.8070806546207279,results/sweeps/man_sigma10\metrics.jsonl
man.tiff,10,0.4,0.08,0.08,5.0,1.0,2.0,0.05,10,30.62378563835002,0.8416010816955115,0.7500233233044962,results/sweeps/man_sigma10\metrics.jsonl
man.tiff,10,0.4,0.08,0.08,5.0,1.2,2.0,0.05,10,30.645115084411213,0.8416339579495493,0.75441450719536,results/sweeps/man_sigma10\metrics.jsonl
man.tiff,10,0.4,0.08,0.08,5.0,1.0,2.0,0.05,12,30.305249245051268,0.8377675995372449,0.6821051264593571,results/sweeps/man_sigma10\metrics.jsonl
man.tiff,10,0.4,0.08,0.08,5.0,1.2,2.0,0.05,12,30.343564325152244,0.8380811228068027,0.6901713414456738,results/sweeps/man_sigma10\metrics.jsonl
man.tiff,10,0.4,0.08,0.08,5.0,1.0,2.0,0.05,14,29.98139043844825,0.8328708492289986,0.6123526366279332,results/sweeps/man_sigma10\metrics.jsonl
man.tiff,10,0.4,0.08,0.08,5.0,1.2,2.0,0.05,14,30.03419935707107,0.8334539774793377,0.6235758452504393,results/sweeps/man_sigma10\metrics.jsonl
man.tiff,10,0.4,0.08,0.1,5.0,1.0,2.0,0.05,6,31.035096465929474,0.8412461210566674,0.8340093791976622,results/sweeps/man_sigma10\metrics.jsonl
man.tiff,10,0.4,0.08,0.1,5.0,1.2,2.0,0.05,6,31.020480218330366,0.8408809175380815,0.8307603977801143,results/sweeps/man_sigma10\metrics.jsonl
man.tiff,10,0.4,0.08,0.1,5.0,1.0,2.0,0.05,8,30.904467736614706,0.8441259535000285,0.8092731108248925,results/sweeps/man_sigma10\metrics.jsonl
man.tiff,10,0.4,0.08,0.1,5.0,1.2,2.0,0.05,8,30.908345736925035,0.8440228788347338,0.8099951548339761,results/sweeps/man_sigma10\metrics.jsonl
man.tiff,10,0.4,0.08,0.1,5.0,1.0,2.0,0.05,10,30.634632729076053,0.8426750841010859,0.7529965582935931,results/sweeps/man_sigma10\metrics.jsonl
man.tiff,10,0.4,0.08,0.1,5.0,1.2,2.0,0.05,10,30.6573960659292,0.8428555615671152,0.7577847171417464,results/sweeps/man_sigma10\metrics.jsonl
man.tiff,10,0.4,0.08,0.1,5.0,1.0,2.0,0.05,12,30.31712873063196,0.8390697236190969,0.6854494762458999,results/sweeps/man_sigma10\metrics.jsonl
man.tiff,10,0.4,0.08,0.1,5.0,1.2,2.0,0.05,12,30.356724379193373,0.8395254626116123,0.6938774966528066,results/sweeps/man_sigma10\metrics.jsonl
man.tiff,10,0.4,0.08,0.1,5.0,1.0,2.0,0.05,14,29.993988099921477,0.8343889233373305,0.6159952304873829,results/sweeps/man_sigma10\metrics.jsonl
man.tiff,10,0.4,0.08,0.1,5.0,1.2,2.0,0.05,14,30.047901109815584,0.8351025580826175,0.6275359063702554,results/sweeps/man_sigma10\metrics.jsonl
man.tiff,10,0.4,0.08,0.12,5.0,1.0,2.0,0.05,6,31.057189040347804,0.8429019710697637,0.8396929298281512,results/sweeps/man_sigma10\metrics.jsonl
man.tiff,10,0.4,0.08,0.12,5.0,1.0,2.0,0.05,8,30.931300270867553,0.8463362702464978,0.8163155097112861,results/sweeps/man_sigma10\metrics.jsonl
man.tiff,10,0.4,0.08,0.12,5.0,1.2,2.0,0.05,8,30.936307166487495,0.8463527279879625,0.8173524188697161,results/sweeps/man_sigma10\metrics.jsonl
man.tiff,10,0.4,0.08,0.12,5.0,1.0,2.0,0.05,10,30.664073589304568,0.8453598477311963,0.7609052429246687,results/sweeps/man_sigma10\metrics.jsonl
man.tiff,10,0.4,0.08,0.12,5.0,1.2,2.0,0.05,10,30.687383719482504,0.8456101689345864,0.7658542730972976,results/sweeps/man_sigma10\metrics.jsonl
man.tiff,10,0.4,0.08,0.12,5.0,1.0,2.0,0.05,12,30.347772795807284,0.8421533864791917,0.6938838010677465,results/sweeps/man_sigma10\metrics.jsonl
man.tiff,10,0.4,0.08,0.12,5.0,1.2,2.0,0.05,12,30.38736069486039,0.842619087884388,0.7023172081005759,results/sweeps/man_sigma10\metrics.jsonl
man.tiff,10,0.4,0.08,0.12,5.0,1.0,2.0,0.05,14,30.024974392058333,0.8378036619582955,0.6247313948184328,results/sweeps/man_sigma10\metrics.jsonl
man.tiff,10,0.4,0.08,0.12,5.0,1.2,2.0,0.05,14,30.078393090229337,0.8384633485985755,0.6361330743053513,results/sweeps/man_sigma10\metrics.jsonl
man.tiff,10,0.4,0.1,0.08,5.0,1.0,2.0,0.05,6,31.029280074457724,0.840979911694842,0.832631862951262,results/sweeps/man_sigma10\metrics.jsonl
man.tiff,10,0.4,0.1,0.08,5.0,1.2,2.0,0.05,6,31.014419794639352,0.8405489698861961,0.8292868880767373,results/sweeps/man_sigma10\metrics.jsonl
man.tiff,10,0.4,0.1,0.08,5.0,1.0,2.0,0.05,8,30.865705975849625,0.8428396410736908,0.8004344653238622,results/sweeps/man_sigma10\metrics.jsonl
man.tiff,10,0.4,0.1,0.08,5.0,1.0,2.0,0.05,10,30.57358167080114,0.840545847538867,0.739003122309664,results/sweeps/man_sigma10\metrics.jsonl
man.tiff,10,0.4,0.1,0.08,5.0,1.2,2.0,0.05,10,30.59856871086769,0.8406786052040618,0.7442132812856286,results/sweeps/man_sigma10\metrics.jsonl
man.tiff,10,0.4,0.1,0.08,5.0,1.0,2.0,0.05,12,30.242243195883347,0.8362529909701749,0.6681415571065272,results/sweeps/man_sigma10\metrics.jsonl
man.tiff,10,0.4,0.1,0.08,5.0,1.2,2.0,0.05,12,30.284757063403195,0.8366760265191944,0.677144322658517,results/sweeps/man_sigma10\metrics.jsonl
man.tiff,10,0.4,0.1,0.08,5.0,1.0,2.0,0.05,14,29.910776121546103,0.8310017503613981,0.5965827865173902,results/sweeps/man_sigma10\metrics.jsonl
man.tiff,10,0.4,0.1,0.08,5.0,1.2,2.0,0.05,14,29.968132991547456,0.8317013924189512,0.6088189539162707,results/sweeps/man_sigma10\metrics.jsonl
man.tiff,10,0.4,0.1,0.1,5.0,1.0,2.0,0.05,6,31.036588562234826,0.8415738638748204,0.8345443734954106,results/sweeps/man_sigma10\metrics.jsonl
man.tiff,10,0.4,0.1,0.1,5.0,1.2,2.0,0.05,6,31.02317796286593,0.8412690630202441,0.831584585045433,results/sweeps/man_sigma10\metrics.jsonl
man.tiff,10,0.4,0.1,0.1,5.0,1.0,2.0,0.05,8,30.875040098785217,0.8436799406821167,0.8029342596476605,results/sweeps/man_sigma10\metrics.jsonl
man.tiff,10,0.4,0.1,0.1,5.0,1.2,2.0,0.05,8,30.88164230804295,0.8436611594295031,0.8042732142608457,results/sweeps/man_sigma10\metrics.jsonl
man.tiff,10,0.4,0.1,0.1,5.0,1.0,2.0,0.05,10,30.58434404557907,0.8416254356962448,0.7419629178961906,results/sweeps/man_sigma10\metrics.jsonl
man.tiff,10,0.4,0.1,0.1,5.0,1.2,2.0,0.05,10,30.610741516589634,0.8419045677125173,0.7475643885599796,results/sweeps/man_sigma10\metrics.jsonl
man.tiff,10,0.4,0.1,0.1,5.0,1.0,2.0,0.05,12,30.253997587071495,0.8375614859409014,0.6714647477704123,results/sweeps/man_sigma10\metrics.jsonl
man.tiff,10,0.4,0.1,0.1,5.0,1.2,2.0,0.05,12,30.297767149464132,0.8381251158989592,0.6808230898291615,results/sweeps/man_sigma10\metrics.jsonl
man.tiff,10,0.4,0.1,0.1,5.0,1.0,2.0,0.05,14,29.923220969532988,0.8325269573850708,0.6001990779323083,results/sweeps/man_sigma10\metrics.jsonl
man.tiff,10,0.4,0.1,0.12,5.0,1.0,2.0,0.05,6,31.058739875316363,0.8432400530589835,0.8402471909483723,results/sweeps/man_sigma10\metrics.jsonl
man.tiff,10,0.4,0.1,0.12,5.0,1.2,2.0,0.05,6,31.046914189839804,0.8430816187925478,0.8377144420416118,results/sweeps/man_sigma10\metrics.jsonl
man.tiff,10,0.4,0.1,0.12,5.0,1.0,2.0,0.05,8,30.901735337976174,0.8459003627561927,0.8099556148786509,results/sweeps/man_sigma10\metrics.jsonl
man.tiff,10,0.4,0.1,0.12,5.0,1.2,2.0,0.05,8,30.909433858883624,0.8459981950765106,0.811600718476782,results/sweeps/man_sigma10\metrics.jsonl
man.tiff,10,0.4,0.1,0.12,5.0,1.0,2.0,0.05,10,30.613484958298454,0.8443195689171303,0.7498167333977654,results/sweeps/man_sigma10\metrics.jsonl
man.tiff,10,0.4,0.1,0.12,5.0,1.2,2.0,0.05,10,30.6404017378907,0.8446649211004047,0.7555709101403,results/sweeps/man_sigma10\metrics.jsonl
man.tiff,10,0.4,0.1,0.12,5.0,1.2,2.0,0.05,12,30.32797920558206,0.8412230952999287,0.6891789628008935,results/sweeps/man_sigma10\metrics.jsonl
man.tiff,10,0.4,0.1,0.12,5.0,1.0,2.0,0.05,14,29.953742066625768,0.8359490133668085,0.6088450946527504,results/sweeps/man_sigma10\metrics.jsonl
man.tiff,10,0.4,0.1,0.12,5.0,1.2,2.0,0.05,14,30.011676987620064,0.8367191555795349,0.6212489942924069,results/sweeps/man_sigma10\metrics.jsonl
man.tiff,10,0.4,0.12,0.08,5.0,1.2,2.0,0.05,6,31.006190397047998,0.8406452430469005,0.8276689372603994,results/sweeps/man_sigma10\metrics.jsonl
man.tiff,10,0.4,0.12,0.08,5.0,1.0,2.0,0.05,8,30.82811629912215,0.8422737048898451,0.7923401205061185,results/sweeps/man_sigma10\metrics.jsonl
man.tiff,10,0.4,0.12,0.08,5.0,1.2,2.0,0.05,8,30.836492493393987,0.8421916809925845,0.7939981090785178,results/sweeps/man_sigma10\metrics.jsonl
man.tiff,10,0.4,0.12,0.08,5.0,1.0,2.0,0.05,10,30.518061478520902,0.839517481237297,0.7269129909227905,results/sweeps/man_sigma10\metrics.jsonl
man.tiff,10,0.4,0.12,0.08,5.0,1.2,2.0,0.05,10,30.54689618622757,0.8397352171106427,0.7329706189306593,results/sweeps/man_sigma10\metrics.jsonl
man.tiff,10,0.4,0.12,0.08,5.0,1.0,2.0,0.05,12,30.175881928347316,0.8348718495347606,0.6535842817608585,results/sweeps/man_sigma10\metrics.jsonl
man.tiff,10,0.4,0.12,0.08,5.0,1.2,2.0,0.05,12,30.222539632496236,0.8353824425131889,0.6634969758194659,results/sweeps/man_sigma10\metrics.jsonl
man.tiff,10,0.4,0.12,0.08,5.0,1.0,2.0,0.05,14,29.838110584029145,0.829346940557965,0.5805428583905754,results/sweeps/man_sigma10\metrics.jsonl
man.tiff,10,0.4,0.12,0.08,5.0,1.2,2.0,0.05,14,29.89978615140272,0.8301357474973022,0.5937258901727934,results/sweeps/man_sigma10\metrics.jsonl
man.tiff,10,0.4,0.12,0.1,5.0,1.0,2.0,0.05,6,31.026165936954815,0.8416044824019163,0.8324313016916813,results/sweeps/man_sigma10\metrics.jsonl
man.tiff,10,0.4,0.12,0.1,5.0,1.2,2.0,0.05,6,31.01494133210599,0.8413672914828655,0.829966521621436,results/sweeps/man_sigma10\metrics.jsonl
man.tiff,10,0.4,0.12,0.1,5.0,1.0,2.0,0.05,8,30.83738981810304,0.8431168060898353,0.7948294645383364,results/sweeps/man_sigma10\metrics.jsonl
man.tiff,10,0.4,0.12,0.1,5.0,1.2,2.0,0.05,8,30.847254296357626,0.8431770852682323,0.7968918588429486,results/sweeps/man_sigma10\metrics.jsonl
man.tiff,10,0.4,0.12,0.1,5.0,1.0,2.0,0.05,10,30.5287112161685,0.8406004240211202,0.7298520671918325,results/sweeps/man_sigma10\metrics.jsonl
man.tiff,10,0.4,0.12,0.1,5.0,1.2,2.0,0.05,10,30.558939077163704,0.840963688361605,0.7362968763859625,results/sweeps/man_sigma10\metrics.jsonl
man.tiff,10,0.4,0.12,0.1,5.0,1.0,2.0,0.05,12,30.18748602930576,0.8361841689029758,0.6568793707688398,results/sweeps/man_sigma10\metrics.jsonl
man.tiff,10,0.4,0.12,0.1,5.0,1.0,2.0,0.05,14,29.85038030777336,0.8308765003572173,0.5841263321248757,results/sweeps/man_sigma10\metrics.jsonl
man.tiff,10,0.4,0.12,0.1,5.0,1.2,2.0,0.05,14,29.91311949952435,0.8317926635576612,0.5976163385737059,results/sweeps/man_sigma10\metrics.jsonl
man.tiff,10,0.4,0.12,0.12,5.0,1.0,2.0,0.05,6,31.04829870555511,0.8432769445202878,0.8381347123758086,results/sweeps/man_sigma10\metrics.jsonl
man.tiff,10,0.4,0.12,0.12,5.0,1.2,2.0,0.05,6,31.038649169189398,0.8431851476577905,0.8360942747830375,results/sweeps/man_sigma10\metrics.jsonl
man.tiff,10,0.4,0.12,0.12,5.0,1.0,2.0,0.05,8,30.86388695977426,0.845343472246311,0.8018146211840895,results/sweeps/man_sigma10\metrics.jsonl
man.tiff,10,0.4,0.12,0.12,5.0,1.2,2.0,0.05,8,30.874835750688753,0.8455188787915356,0.8041796667925403,results/sweeps/man_sigma10\metrics.jsonl
man.tiff,10,0.4,0.12,0.12,5.0,1.0,2.0,0.05,10,30.55751320335763,0.8433005078768827,0.7376406377788682,results/sweeps/man_sigma10\metrics.jsonl
man.tiff,10,0.4,0.12,0.12,5.0,1.2,2.0,0.05,10,30.588253584002732,0.8437281882682803,0.7442354998290946,results/sweeps/man_sigma10\metrics.jsonl
man.tiff,10,0.4,0.12,0.12,5.0,1.0,2.0,0.05,12,30.21729864493882,0.8392820185045625,0.6651533493431757,results/sweeps/man_sigma10\metrics.jsonl
man.tiff,10,0.4,0.12,0.12,5.0,1.2,2.0,0.05,12,30.265167555806933,0.8399358190322334,0.6754143381414897,results/sweeps/man_sigma10\metrics.jsonl
man.tiff,10,0.4,0.12,0.12,5.0,1.0,2.0,0.05,14,29.88042569451286,0.8343036718954409,0.5926785064857032,results/sweeps/man_sigma10\metrics.jsonl
man.tiff,10,0.4,0.12,0.12,5.0,1.2,2.0,0.05,14,29.94267248076016,0.8351594202477565,0.6060253802031897,results/sweeps/man_sigma10\metrics.jsonl
